legacySku,newSku,zh_name,en_name_TODO,zh_desc,en_desc_TODO
1000106328657,ER-S001,珍珠四叶草镶钻耳钉,Pearl Clover Stud Earrings,银色四叶花瓣轻拢一颗珍珠，细密纹路里透着复古温柔，小巧精致刚刚好，日常戴上带着甜甜的少女气息。,"Four silver clover petals cradle a single pearl, with delicate engraved lines for a soft vintage feel. Petite and refined for everyday wear."
1000156846812,ER-S002,可爱珍珠小熊镶钻耳钉,Pearl Bear Crystal Studs,珍珠白小熊俏皮抱着一颗碎钻，圆滚滚的耳朵和小爪子讨喜可爱，戴上耳畔像揣着童话，甜酷出街心动加倍。,"A pearl-white teddy bear holds a tiny crystal, with round ears and small paws. Playful charm for daily styling."
1000428188454,ER-S003,珍珠锆石扇形耳钉,Pearl Zircon Fan Studs,金色波浪花边像贝壳轻展，珍珠静静卧在中央，碎钻沿着弧边闪烁，温润又灵动，下午茶时分气质柔美上线。,"Gold scalloped fan edges open like a shell, with a pearl at the center and zircons sparkling along the curve."
1000428880627,ER-S004,珍珠花钻耳钉,Pearl Floral Crystal Studs,饱满珍珠被一圈碎钻花边温柔环抱，像云朵托着月光，甜美闪耀又不张扬，闺蜜聚会戴上瞬间气质柔美。,"A round pearl encircled by a delicate ring of zircons, evoking a soft glow. Subtle sparkle suited for any occasion."
1001035820197,ER-S005,珍珠锆石花瓣耳钉,Pearl Petal Zircon Studs,金色花形托爪稳稳抱住一颗大颗白锆石，光线流转折射出柔亮星芒，简洁优雅，通勤约会都闪着精致小心思。,"Gold floral prongs hold a large round white zircon, refracting soft light. Clean lines for office or evening wear."
1001687304545,ER-S006,金色白贝母蝴蝶耳钉,Gold Mother-of-Pearl Butterfly Studs,金色蝴蝶展翅，半边白贝母温润柔光，半边金羽镶碎钻闪耀，水滴钻点睛灵动俏皮，戴上耳畔仿佛振翅欲飞。,"Gold butterflies in mid-flight: one wing in soft mother-of-pearl, the other in zircon-set gold. Teardrop accents add motion."
1003928507972,ER-S007,摇摆木马锆石耳钉,Carousel Horse Zircon Studs,"糖果绿小马轻盈跃然，金色 pave 鞍底俏皮闪光，复古童趣感扑面而来，戴上耳畔像把童年木马藏进梦里。 [备注: 图中有2款颜色(金色/银色),共4件]",Mint-green ponies with pavé-set gold saddles. Vintage carnival charm in two finishes — gold and silver.
1003950671900,ER-S008,桃子水滴锆石耳钉,Peach Drop Zircon Studs,银色花苞托着水滴锆石含苞欲放，绿色珐琅嫩叶俏皮探出，像刚冒尖的春日小花，戴上耳畔甜美灵动满分。,"Silver buds support teardrop zircons, with green enamel leaves peeking out. Fresh, spring-inspired studs."
1003950671954,ER-S009,粉白花朵珍珠锆石耳钉,Pink-White Floral Pearl Zircon Studs,粉珍珠与白珍珠花瓣交织，中心一颗椭圆锆石透亮闪光，像一束刚摘下的甜糖花，少女约会戴上心动满格。,Pink and white pearl petals interlace around a central oval zircon. Like a fresh-picked spring blossom.
1003967719637,ER-S010,花朵珍珠锆石耳钉,Floral Pearl Zircon Studs,金银小花拼缀珍珠与彩钻，粉钻方块温柔点睛，玫红碎钻俏皮跳动，像把糖果花田摘进耳畔，甜酷少女感拉满。 [备注: 图示为两种颜色（金色/银色）的耳钉，实际为两对。],Mini gold and silver florals set with pearls and coloured stones — pink square accents with magenta sparkle.
1004722374459,ER-S011,猫咪蝴蝶结珍珠耳钉,Kitty Bow Pearl Studs,薰衣草紫 Hello Kitty 被一圈珍珠花环温柔围住，金边小蝴蝶结俏皮可爱，戴上耳畔甜得像融化的少女心。 [备注: 图片左侧为无蝴蝶结款。],"Lavender Hello Kitty wreathed in a pearl ring, with a tiny gold bow. Soft pastel charm for everyday."
1005383821991,ER-S012,卡通猫咪珍珠耳钉,Cartoon Cat Pearl Studs,奶橘色小猫探头望着金色小鱼，下方珍珠圆润如月，治愈温柔满满童趣，日常戴上耳畔像收藏一段午后甜梦。,"Cream-orange kittens gaze up at golden fish, with round pearls beneath. Warm, playful daily piece."
1005575893095,ER-S013,天使小熊镶钻耳钉,Angel Bear Crystal Studs,晶莹小熊被水滴钻翅膀温柔包围，胸前一颗圆钻闪着甜光，俏皮又灵动，戴上耳畔像揣着会发光的小天使。 [备注: 图中展示了金银两色共4只耳钉，分别为两对。],"Crystal-clear bears framed by teardrop zircon wings, holding a round zircon at the chest. Available in gold and silver."
1006950173014,ER-S014,Kitty星球镶钻耳钉,Kitty Halo Crystal Studs,"Hello Kitty 被一圈碎钻光环温柔托起，红色小蝴蝶结俏皮点睛，复古甜酷感拉满，约会派对戴上少女心爆棚。 [备注: 图中有4只,实际是2对]","Hello Kitty surrounded by a halo of pavé zircons, with a red bow accent. Vintage-pop styling."
1007557464870,ER-S015,粉色小熊珍珠耳钉,Pink Bear Pearl Studs,粉嫩小熊抱着一颗圆润珍珠，奶油白小爪子俏皮探出，糖果色调甜得发亮，戴上耳畔像揣着一块草莓奶油糖。,"Soft pink bears holding round pearls, with cream-white paws. Sweet candy-coloured charm."
1008470151870,ER-S016,小熊镶钻耳钉,Bear Crystal Studs,珍珠白小熊轻披玫瑰金斗篷，怀里抱着椭圆水钻，仿佛把童话装进耳畔，下午茶约会戴上甜得心动。,"Pearl-white bears in rose-gold capes, holding oval crystals. Storybook detailing for daily wear."
1008536919256,ER-S017,镂空蝴蝶锆石耳钉,Openwork Butterfly Zircon Studs,银色蝴蝶展翅停驻耳畔，镂空纹路细腻如薄翼，下方水滴锆石轻轻摇曳，温柔又灵动的小欢喜。,"Silver butterflies with finely cut openwork wings, swaying teardrop zircons hanging below."
1008933563329,ER-S018,KT猫珍珠闪钻耳钉,KT Cat Pearl Crystal Studs,圆润珍珠托起满钻 Kitty 头像，粉色蝴蝶结俏皮点缀，金银双色任你心动，闺蜜下午茶必备甜美派对单品。 [备注: 图中有金银两色可选],Round pearls support pavé-set Kitty heads with pink bow accents. Available in gold and silver.
1010431893144,ER-S019,Kitty樱桃珍珠耳钉,Kitty Cherry Pearl Studs,白色 Kitty 头像旁缀着碎钻樱桃叶尖，一颗圆润珍珠静静栖息，金银双色都温柔，仿佛把果园里的小心动戴上耳畔。,"White Kitty heads paired with zircon cherry leaves and a single round pearl. Soft, fruity charm."
1010432125929,ER-S020,闪钻Kitty猫耳钉,Sparkling Kitty Cat Studs,"金银双色满钻 Kitty 头像顶着粉色珐琅蝴蝶结，碎钻铺面闪耀俏皮神采，戴上瞬间被甜美少女气场温柔包围。 [备注: 提供镀金和镀银两种颜色,图片底部有产品编号。]","Fully pavé-set Kitty heads with pink enamel bows, in gold or silver. Dense crystal coverage for full sparkle."
1010497009074,ER-S021,萌猫蝴蝶结锆石耳钉,Cute Cat Bow Zircon Studs,"粉橘小猫脸庞乖巧探出，蝴蝶结点缀珍珠与碎钻，下方一簇水钻像踏进糖罐里跳舞，俏皮又灵动惹人心动。 [备注: 图中有4件,实际是2对(银+金)]","Pink-orange cat faces with bow accents in pearls and zircons, with cascading crystals below. Playful and feminine."
1011986440675,ER-S022,卡通猫咪锆石耳钉,Cartoon Cat Zircon Studs,金银双色满钻 Kitty 头戴粉色蝴蝶结端坐耳畔，怀里抱着方钻闪光，复古糖果感满满，甜美派对一秒拿捏少女心。 [备注: 图示为金色和银色两款。],"Pavé-set Kitty heads in pink bows, holding square zircons. Vintage candy-bright styling."
1011986440823,ER-S023,Hello Kitty 满钻耳钉,Hello Kitty Pavé Studs,金银双色满钻 Kitty 头顶粉蝴蝶结俏立耳畔，碎钻细密铺面像撒了一层糖霜，戴上瞬间被温柔甜软的少女气息环抱。 [备注: 图示包含金银两色款式。],"Fully pavé Kitty heads with pink bows, finely set with zircons in a frosted-sugar finish."
1038727223911,ER-S024,珍珠镶钻叶子耳钉,Pearl Crystal Leaf Studs,金色蝴蝶轻歇圆润珍珠之畔，碎钻翅尖与单粒马眼石点缀其间，温柔灵动的小心动，正适合午后阳光与你的耳畔。,"A gold butterfly rests beside a round pearl, accented by zircon wings and marquise stones."
677976835029,ER-S025,金色G形立体镶钻耳钉,Gold G-Shape Crystal Studs,金色月牙轻轻拥住中央大圆钻，细碎锆石围出柔光环边，俏皮又精致，戴上耳畔像挂了一颗心动小月亮。,"Crescents wrap around a central round zircon, with delicate zircon halos. Refined sculpted shape."
685060017817,ER-S026,锆石太阳花耳钉,Sunflower Zircon Studs,"梯形锆石围成绽放小花，中央圆钻像一颗心动星芒，金色与银色双款，甜美派对或日常通勤都闪耀少女心。 [备注: 图中含模特佩戴+品牌字样,建议参考右侧产品小图]",Trapezoidal zircons fan out as petals around a central round zircon. Available in gold and silver.
738874980980,ER-S027,银针花朵锆石耳钉,Floral Mini Zircon Studs Set,九款迷你耳饰萌系合集，小熊、星星、雪花、蝴蝶轮番登场，碎钻甜甜闪烁，每天换一对都能心动一整天。,"Nine pairs of mini studs — bears, stars, snowflakes and butterflies, each accented with delicate zircons."
739818947079,ER-S028,金色镶钻星星耳钉,Gold Star Crystal Studs,"金色镂空五角星点缀细密碎钻，中央一颗小圆钻轻轻闪烁，俏皮灵动像别在耳畔的小星愿，约会甜甜心动。 [备注: 背景有米色器皿和暖色道具,产品本身清晰]","Openwork five-point gold stars set with delicate zircons, with a small round zircon at the center."
853067595037,ER-S029,银色水滴弯钩耳钉,Silver Teardrop Hook Earrings,饱满水滴造型流畅利落，银色镜面反射着柔和光晕，没有多余装饰却自带高级气场，通勤还是派对都酷得很优雅。,"Smooth teardrop silhouette with a polished silver mirror finish. Clean, undecorated lines for an elevated look."
855099954494,ER-S030,金色花朵耳钉,Gold Floral Studs,金色花瓣轻盈舒展中心一颗碎钻轻闪，每一片都像被风吹起的丝带，柔美灵动，约会派对都让人忍不住多看一眼。 [备注: 图为系列展示图，左为模特佩戴，右上为本款花朵耳钉，右下另款不计],Soft gold petals open around a central zircon. Each petal mimics a ribbon caught in the breeze.
903673417422,ER-S031,满钻四叶草耳钉,Pavé Clover Studs,金色四叶草满镶碎钻细密如糖霜，幸运形状被光泽温柔包裹，戴上像把小确幸藏进耳畔，甜美又自带高级气场。 [备注: 图为系列展示图，左为模特佩戴，右侧为本款四叶草耳钉两视角],Gold four-leaf clovers densely set with zircons. Lucky symbol with full sparkle and a refined finish.
904086472340,ER-S032,方钻菱形耳钉,Square Zircon Rhombus Studs,粉紫方钻被金边稳稳托住，棱角折射出柔光像被糖渍过的水晶，复古中带一丝甜酷，通勤约会都能戴出小心机。 [备注: 图为系列展示图，左为模特佩戴，右侧为本款方钻耳钉],"Pink-purple square zircons set in gold bezels, refracting soft light. Vintage tones with a modern edge."
905758610198,ER-S033,缠绕珍珠玫瑰耳钉,Wrapped Pearl Rose Studs,细金线缠绕成花苞托住一颗珠光珍珠，简约不简单的小巧造型温柔灵动，金银双色都甜，是日常优雅的小心动。 [备注: 图中为同款金银两对耳钉],Fine gold wires wrap around a pearl bud. Compact and refined — available in gold and silver.
905766274109,ER-S034,锆石八芒星耳钉,Zircon Eight-Point Star Studs,密镶碎钻拼成纤长六角星芒，中心一颗方钻闪耀如夜空繁星，戴上瞬间气场全开，派对约会都心动。 [备注: 图为系列展示图，左为模特佩戴，右侧为本款八芒星耳钉两视角],"Pavé zircons form elongated six-point stars, with a central square zircon. High-impact statement pair."
911348883467,ER-S035,锆石水滴耳钉,Gold Bow Studs,纤细碎钻交错成北极星造型，中心一颗方钻闪着冷冽星光，像把整片夜空别上耳畔，清冷又心动的少女感拉满。 [备注: 参考帧改为 04.jpg: gold bow earrings on pure white | 拼图含多款，本SKU为模特耳上+右上水滴款；建议替换为单品白底图 | ⚠ 新参考帧实为金色蝴蝶结(原名'蛋白石水滴'存疑)],"Slim gold bows set with delicate zircons, polished mirror finish. Playful elegance for daily wear."
911368307812,ER-S036,锆石小太阳耳钉,Silver Sunburst Studs,金色细线交叉勾出小水滴，中心一颗圆钻被温柔环抱，碎钻光晕层层晕开，像把闪烁的小心愿挂上耳畔，甜美又精致。 [备注: 参考帧改为 04.jpg: silver sunburst studs on white | 拼图含多款，本SKU为模特耳上+右下太阳款；建议替换为单品白底图],"Fine gold lines form teardrop bursts around a central round zircon, halos of light radiating outward."
912147205864,ER-S037,黑钻三角耳钉,Black Trillion Zircon Studs,饱满黑钻被金边温柔包住，外圈细密碎钻像撒了一圈星星，深邃中藏着小俏皮，复古通勤都能戴出气场小心机。 [备注: 参考帧改为 05.jpg: black trillion gem studs on white | 拼图含多款，本SKU为模特耳上+右上金框黑三角款；建议替换为单品图 | ⚠ 新参考帧实为黑色三角钻(原名'雪花'存疑)],"A bold black zircon set in a gold bezel, ringed with a halo of small zircons. Vintage-confident styling."
912610952300,ER-S038,锆石珍珠花环耳钉,Gold X Pearl Studs,金色细枝围出花环托住一颗珠光珍珠，碎钻像晨露点缀其间，温柔得像把刚摘下的小白花别上耳畔，甜美又灵动。 [备注: 参考帧改为 05.jpg: gold X pearl studs on white | 拼图含多款，本SKU为模特耳上花环款；建议替换为单品白底图],"Fine gold branches form a wreath around a single pearl, with delicate zircons set like dewdrops."
917584065889,ER-S039,锆石镂空蝴蝶耳钉,Openwork Zircon Butterfly Studs,镂空蝴蝶振翅而立，外缘碎钻细密闪着柔光，金银双色任你挑，戴上像把春日花园悄悄收进耳畔，浪漫又轻盈。 [备注: 图中为同款金银两对耳钉，置于棕色绒面礼盒中],Openwork butterflies with zircon-set outer edges. Available in gold and silver pairs.
931486784727,ER-S040,贝母四叶花耳钉,Mother-of-Pearl Clover Studs,几朵贝母小花簇拥成团，泛着珠光的花瓣点缀碎钻，像把一捧奶油色绣球花别上耳畔，甜美梦幻又自带春日气息。,Cluster of mother-of-pearl petals accented with zircon centers. Cream-toned and softly luminous.
938271495900,ER-S041,贝母四芒星方耳钉,Mother-of-Pearl Star Square Studs,白贝母方块上立体十字星熠熠生辉，外圈碎钻包边闪着柔光，复古中带一点星空感，戴上瞬间气质温润又心动。,"White mother-of-pearl squares with raised cross-stars, framed by zircon borders. Refined vintage geometry."
938276267024,ER-S042,方形猫眼石耳钉,Square Cat's-Eye Studs,饱满月光石被金银异形花边温柔托住，泛着奶白光泽像凝固的小月亮，复古中带一丝俏皮，通勤约会都温润高级。 [备注: 图中4件实际是2对(银+金)],"Plump cat's-eye stones set in shaped gold or silver bezels, with milky luster. Subtle vintage tones."
939813516518,ER-S043,六爪经典锆石耳钉,Six-Prong Classic Zircon Studs,六爪银托稳稳托住一颗大粒亮钻，简约造型把光泽全部留给宝石，黑绿白三色任你切换心情，复古高级又自带气场。 [备注: 参考帧改为 05.jpg: black round CZ studs on white | 拼图含多色多角度，建议左侧大图作参考 | ⚠ 新参考帧实为黑钻六爪(原名'六爪经典锆石'仅颜色不同)],"Six-prong silver settings hold large round zircons. Available in black, green and white — clean, classic styling."
956594438434,ER-S044,方框珍珠镶钻耳钉,Square Pearl Zircon Frame Studs,方形锆石框里藏着圆润珍珠，金银双色温柔点亮耳畔，复古优雅中带一点甜，约会和下午茶都心动。 [备注: 拼图含上身与多色款，建议右上产品图作参考],Square zircon frames hold round pearls. Available in gold and silver — refined daily piece.
957279069385,ER-S045,珍珠百搭耳钉合集,Pearl Versatile Studs Collection,六对珍珠耳钉拼成一整盒小欢喜，方圆花朵造型各有心意，银色光泽柔美闪耀，每天换一对都是新鲜小情绪。 [备注: 参考帧改为 05.jpg: silver bow pearl studs on white | 图中含5-6款不同样式，需指定具体款式],"Six pairs of pearl studs in a single set — square, round and floral shapes in soft silver finishes."
957865688690,ER-S046,珍珠花形耳钉合集,Pearl Floral Studs Collection,蝴蝶结、花朵、方框轮番登场托住珍珠，金银双色甜美交织，像把一整盒糖果装进耳畔，俏皮又浪漫。 [备注: 参考帧改为 05.jpg: gold rope pearl studs on white | 图中含4款不同样式金银双色，需指定具体款式],"Bow, floral and frame designs paired with pearls. Mixed gold and silver — a versatile boxed set."
979956935294,ER-S047,麻花镶钻珍珠耳钉,Twisted Zircon Pearl Studs,锆石编织成花环温柔环抱珍珠，金银双色在阳光下闪着甜糖般的光，像一句轻轻说出口的 happy every day。 [备注: 图中3对实际是金银双色款],Zircon wreaths embrace round pearls. Available in gold and silver pairs with crisp light play.
980458990893,ER-S048,蝴蝶结珍珠迷你耳钉,Bow Pearl Mini Studs,小蝴蝶振翅落在珍珠肩头，碎钻铺出柔光翅膀，金银双色俏皮闪耀，戴上像把午后阳光别进耳畔。 [备注: 图中4件实际是2对(银+金)],"Tiny butterflies perch on round pearl shoulders, with zircon-set wings. Available in gold and silver."
981230369508,ER-S049,珍珠交叉锆石耳钉,Pearl Cross Zircon Studs,珍珠顶着小巧 X 字锆石飘带，金银双色俏皮跳跃，像写给恋人的甜蜜便签，约会戴它温柔又有少女感。 [备注: 图中4件实际是2对(银+金)],Round pearls topped with a small X-shaped zircon ribbon. Available in gold and silver pairs.
981458587609,ER-S050,锆石蝴蝶结耳钉,Zircon Bow Studs,锆石细链斜挂耳畔，灵动跳跃像一行手写情书，金银双色闪着甜糖光泽，戴上瞬间俏皮又浪漫。 [备注: 图中4件实际是2对(银+金)],Slim zircon chains drape diagonally from the lobe. Available in gold and silver pairs.
981470475114,ER-S051,珍珠星轨锆石耳钉,Pearl Star Orbit Studs,圆润珍珠被锆石光圈温柔环抱，挂耳设计随步摇曳，金银双色闪着甜甜光泽，复古优雅一秒上身。 [备注: 图中4件实际是2对(银+金)],"Round pearls embraced by zircon halos, with gentle hanging motion. Available in gold and silver."
981578579623,ER-S052,贝母贝壳耳钉,Mother-of-Pearl Shell Studs,贝母小贝壳点缀金边银边，纹理像海浪轻轻荡漾，俏皮中带一点海洋系少女心，夏日出街最心动。 [备注: 图中4件实际是2对(银+金)],"Mother-of-pearl shells with gold or silver edging, ridged textures suggesting ocean ripples."
981587183003,ER-S053,猫眼石阴阳圆耳钉,Cat's-Eye Yin-Yang Round Studs,圆形耳钉一半温润贝母一半碎钻铺面，像把月亮和星河同时戴进耳畔，复古优雅又灵动闪耀。 [备注: 图中4件实际是2对(银+金)],Round studs split between mother-of-pearl and pavé zircons. Available in gold and silver pairs.
981597855648,ER-S054,方钻光环耳钉,Square Zircon Halo Studs,方形锆石主石被一圈碎钻温柔簇拥，金银双色折射出甜糖般的光，闪耀俏皮，派对出席最有心动感。 [备注: 图中4件实际是2对(银+金)，背景为木质戒指托盘],Square center zircons embraced by halos of pavé stones. Available in gold and silver pairs.
981875372127,ER-S055,满钻凯蒂猫耳钉,Pavé Hello Kitty Studs,Hello Kitty 小猫脸铺满细密锆石，金银双色甜酷可爱，戴上像把童年甜梦揣进耳畔，俏皮又少女。 [备注: 图中4件实际是2对(银+金)],Hello Kitty silhouettes fully pavé-set with zircons. Available in gold and silver pairs.
982023078416,ER-S056,贝母蝴蝶耳钉,Mother-of-Pearl Butterfly Studs,白贝母蝴蝶轻轻栖在金银边框中，翅膀纹理柔光闪烁，俏皮灵动满是夏日浪漫，戴上瞬间气质轻盈。 [备注: 图中4件实际是2对(银+金)],"White mother-of-pearl butterflies framed in gold or silver, with subtly textured wings."
982149474135,ER-S057,贝母小熊耳钉,Mother-of-Pearl Bear Studs,贝母小熊憨态可掬地托在金银边框里，柔光流转俏皮可爱，把童年欢喜变成耳畔小心动，甜美又减龄。 [备注: 图中4件实际是2对(银+金)],Mother-of-pearl bear silhouettes inset in gold or silver frames. Soft and playful daily piece.
982715645101,ER-S058,井字九钻耳钉,Tic-Tac-Toe Nine-Stone Studs,九颗圆锆石被金银十字格框起，像一格格糖果橱窗闪着光，复古俏皮中带几分精致，约会通勤都心动。 [备注: 图中4件实际是2对(银+金)],Nine round zircons set in a 3×3 grid in gold or silver. Geometric and precise styling.
982762645031,ER-S059,贝母爱心镂空耳钉,Mother-of-Pearl Heart Openwork Studs,贝母心形被金银线条勾勒包裹，柔光温润又俏皮甜美，戴上像把心动小秘密藏在耳畔，约会甜度爆表。 [备注: 图中4件实际是2对(银+金)],Mother-of-pearl hearts framed by gold or silver linework. Soft luster with a gentle silhouette.
982858053702,ER-S060,贝母方形交织耳钉,Mother-of-Pearl Pinwheel Studs,贝母方块如丝带缠绕成小风车，金色配碎钻、银色配灰贝母，几何感里藏着复古优雅，气质温柔精致。 [备注: 图中4件实际是2对(金+银)；背景有木质相框边缘],"Mother-of-pearl squares woven into pinwheel forms. Gold paired with zircons, silver paired with grey shell."
982887597164,ER-S061,锆石环绕珍珠耳钉,Twisted Zircon Pearl Studs,金银扭花瓣温柔环抱圆润珍珠，像一朵正在旋转的小花，柔美闪耀又带一点复古，约会下午茶都心动。 [备注: 图中4件实际是2对(金+银)],"Twisted gold or silver petals embrace a round pearl, with rotating floral motion."
983537288780,ER-S062,扇形锆石花束耳钉,Fan Zircon Bouquet Studs,梨形大钻被长条锆石如花瓣环绕，金银双色折射出梦幻彩光，闪耀华丽又带几分温柔，派对出席最心动。 [备注: 图中4件实际是2对(金+银)],Pear-shaped center zircons surrounded by elongated zircon petals. Available in gold and silver.
983549132008,ER-S063,三叶水滴锆石耳钉,Three-Leaf Drop Zircon Studs,三片梨形大锆石拼成俏皮三叶花，金银双色透出清透甜糖光泽，灵动闪耀又轻盈优雅，约会出街都心动。 [备注: 图中4件实际是2对(金+银)],Three pear-shaped zircons form a trefoil flower. Available in gold and silver pairs with crisp brilliance.
998916103426,ER-S064,焦糖珐琅玫瑰耳钉,Caramel Enamel Rose Studs,焦糖色山茶花层层绽放，珍珠藏在花心被碎钻边缘温柔托住，复古暖调像下午茶里的奶油糖花，秋日穿搭瞬间柔美起来。 [备注: 背景有牛皮纸与绿叶道具],"Caramel-toned camellia roses with pearl centers, framed by zircon borders. Warm autumn palette."
998921166600,ER-S065,锆石花边珍珠耳钉,Zircon Lace Pearl Studs,水滴珍珠裹在银色花瓣边框里，外圈碎钻细密绕成蕾丝，温润珠光与冷调闪烁交织，像把月光封进耳畔的小情书般柔美。 [备注: 背景有绿叶与白板道具],"Teardrop pearls set in silver petal frames, surrounded by lace-like zircon halos."
998925150567,ER-S066,珍珠方形蕾丝耳钉,Pearl Square Lace Studs,镂空蕾丝方框由细密碎钻一圈圈编成，中央珍珠饱满圆润落在窗心，复古宫廷感扑面而来，闺蜜下午茶里立刻变身小公主。 [备注: 图中含绿叶道具但产品清晰],Openwork zircon square lace frames cradle a center pearl. Vintage court-style detailing.
999405149426,ER-S067,珍珠蝴蝶结耳钉,Pearl Bow Studs,饱满珍珠端坐顶端，金色蝴蝶结展开层层碎钻翅膀，复古优雅又带点俏皮，像把祖母的小情书写进耳畔，柔美又心动。 [备注: 背景有绿叶和麻绳道具],Pearls set above gold bows with tiered zircon-set wings. Vintage-romantic styling.
999518254989,ER-S068,金色褶皱珍珠耳钉,Gold Ruffle Pearl Studs,金色不规则褶皱花边裹住一颗温润珍珠，像被阳光揉皱的小贝壳，复古手作感十足，简约日常里藏着一点点闪闪的少女心。 [备注: 皱纸背景需替换为纯白底],Irregular ruffled gold edges wrap a round pearl. Hand-finished vintage texture.
999546691932,ER-S069,金色扇形珍珠耳钉,Gold Fan Pearl Studs,金色蕾丝小扇半开半合，扇面碎钻细密点缀，下端饱满珍珠落于扇心，复古东方韵味温柔流转，戴上像偷藏了一段小心事。,"Half-open gold lace fans set with delicate zircons, with a single pearl at the base. Eastern-inspired silhouette."
1000013192066,ED-S001,铜色花朵垂坠耳坠,Copper Floral Drop Earrings,玫瑰金小花温柔绽放，银色描边勾出花瓣轮廓，中心一颗碎钻悄悄眨眼，灵动俏皮，午后约会戴上甜甜上扬。,"Rose-gold florals outlined in silver, with a small zircon at each center. Light and graceful drop earrings."
1000450553935,ED-S002,珍珠方钻垂坠耳环,Pearl Square Crystal Drop Earrings,金色长方形耳钉镶满细钻，下方一颗大珍珠圆润垂落，光泽流转间满是温柔仪式感，约会出席都心动闪耀。,"Gold rectangular studs pavé-set with zircons, finished with large round pearls suspended below."
1001623380595,ED-S003,珍珠锆石风车耳坠,Pearl Zircon Pinwheel Drop Earrings,金色烟花绽放成耳钉，下方一颗珍珠轻轻摇曳，碎钻沿着花丝闪烁，像把节日烟火戴上耳畔，浪漫又灵动。,"Gold burst studs with a single pearl swaying below, zircons set along the rays."
1004774982732,ED-S004,闪钻猫咪珍珠耳坠,Sparkling Cat Pearl Drop Earrings,Kitty 满钻头像下垂着一颗圆润珍珠，金色小蝴蝶结点睛俏皮，闪耀又甜蜜，闺蜜聚会戴上瞬间笑出小酒窝。 [备注: 提供金/银双色],"Pavé Kitty studs with round pearls dropping below, accented by gold bows. Available in gold and silver."
1006328244906,ED-S005,猫咪珍珠花朵耳坠,Cat Pearl Floral Drop Earrings,珍珠小花托着橘虎斑小猫俏皮垂落，奶油色脸蛋圆嘟嘟惹人爱，复古童趣感满分，约会戴上耳畔甜软心动。,"Pearl florals support a tiger-stripe orange kitten that hangs below. Cream-toned, playful styling."
837784748709,ED-S006,极简珍珠耳钩,Minimalist Pearl Hook Earrings,一颗饱满珍珠被纤细弯钩温柔托住，金银双色干净利落，光泽柔和如初雪，戴上瞬间气质轻盈，是日常优雅的小私心。 [备注: 图中为同款金银两对，共四只耳钩],A single round pearl held in a slim hook setting. Available in gold and silver pairs with soft luster.
844470347174,ED-S007,锆石蝴蝶结耳坠,Zircon Bow Drop Earrings,金色蝴蝶结牵起方钻与水滴，飘带轻盈摆出俏皮弧度，像把礼物绑进耳畔，甜酷少女感拉满，闺蜜聚会回头率超高。 [备注: 图中为同款金银两对耳坠],"Gold bows hold square zircons and teardrops, ribbon trails arching playfully. Available in gold and silver."
844471739349,ED-S008,猫眼石小猫耳坠,Cat's-Eye Cat Drop Earrings,圆润猫眼石化作软萌小猫脸，下方点缀粉钻蝴蝶结与摇摆鱼尾，奶白与玫瑰金交织出甜甜的梦幻感，可爱到犯规。 [备注: 图中为同款金银两对耳坠],Round cat's-eye stones shaped into cat faces with pink zircon bows and tail accents. Cream and rose-gold tones.
930040575658,ED-S009,蝴蝶结流苏长耳坠,Bow Tassel Long Earrings,金色蝴蝶结轻盈停驻，下方流苏细链点缀碎钻自然垂落，像被风吹乱的金色阳光，灵动柔美，转头都自带气质。,"Gold bows top a cascade of fine tassel chains set with delicate zircons. Light, fluid movement."
939290237644,ED-S010,蝴蝶结猫眼石耳坠,Bow Cat's-Eye Drop Earrings,金色蝴蝶结轻盈一系，下方圆润月光石饱满垂落，像把一颗小奶糖悬在耳畔，甜美又复古，约会出街都心动加分。 [备注: 参考帧改为 05.jpg: gold opal drops on white | 拼图含上身与多角度，建议右上产品图作参考],Gold bows hold a single round moonstone below. Vintage-soft styling for elegant occasions.
953229713357,ED-S011,婚宴满钻珍珠耳坠,Bridal Pavé Pearl Drop Earrings,金色叶片层层叠叠托起方钻与水滴，碎钻沿轮廓闪闪发亮，像被晨露洗过的繁花，戴上瞬间复古优雅又自带星光。 [备注: 参考帧改为 05.jpg: silver leaf drop earrings on white | 图中含3-4款不同样式，建议指定具体款式后用单品图],"Layered gold leaves support square zircons and teardrops, with zircons set along every contour."
953816596855,ED-S012,婚礼水滴满钻耳坠,Wedding Teardrop Pavé Drop Earrings,水滴主钻被密密碎钻簇拥垂落，整副像把闪烁的小吊灯挂上耳畔，光泽层层叠叠，约会派对都能戴出复古名媛感。 [备注: 参考帧改为 05.jpg: silver flower drop earrings on white | 图中含5款不同样式，需指定具体款式后用单品图],"A teardrop center stone surrounded by densely set zircons, cascading like miniature chandeliers."
980546958695,ED-S013,贝母满钻流苏长耳坠,Mother-of-Pearl Pavé Tassel Drop Earrings,金色椭圆贝母为顶，长长流苏链如星雨倾泻，灵动闪耀又带几分性感，派对出街都是全场焦点。,Oval mother-of-pearl tops with long tasseled chain falls. Light and shimmering for evening wear.
981472643252,ED-S014,珍珠星环耳钩,Pearl Star Halo Hook Earrings,锆石光环轻轻抱住珍珠，钩耳款随步轻晃如风铃响动，金银双色满是少女感，下午茶戴它最甜。 [备注: 图中4件实际是2对(银+金)],"Zircon halos embrace a pearl, with a French-hook design that sways with movement. Available in gold and silver."
981958042868,ED-S015,锆石珠链流苏耳坠,Zircon Bead Tassel Drop Earrings,锆石长链叠着金属圆珠流苏轻盈垂落，金银双色随步摇曳如雨丝，性感又甜美，派对夜晚最闪耀。 [备注: 图中4件实际是2对(银+金)],"Long zircon strands layered with metal-bead tassels, swaying with each step. Available in gold and silver."
981974674439,ED-S016,心形翅膀流苏耳坠,Heart Wing Tassel Drop Earrings,心形锆石长出小翅膀飞落耳畔，下方银色细流苏轻盈摇晃，浪漫甜美又带几分童话感，约会必备。,"Heart-shaped zircons grow tiny wings, with silver tassel chains hanging below. Romantic, fairytale styling."
982129090948,ED-S017,锆石郁金香花枝耳坠,Zircon Tulip Vine Drop Earrings,锆石叶藤一路蔓延垂下水滴大钻，金银双色像一朵清晨盛开的小玫瑰，优雅复古，约会和派对都心动。 [备注: 图中4件实际是2对(银+金)],Zircon vines trail down to large teardrop crystals. Available in gold and silver — refined floral motif.
983568752317,ED-S018,贝母蝴蝶耳钉耳坠,Mother-of-Pearl Butterfly Stud-Drop Earrings,蝴蝶贝母翅膀薄透轻盈，金色与银色双色边框包出柔光，纹路细腻如真蝶停驻耳畔，约会时一摇一摆都是甜甜的小心思。 [备注: 图中4件实际为2对(金+银)，前后分体设计],Translucent butterfly mother-of-pearl wings framed in gold or silver. Two-piece front-back design.
997887874374,ED-S019,锆石密钉流苏耳坠,Zircon Pavé Tassel Drop Earrings,金色多排锆石如细雨倾泻而下，密密闪光层层叠落，宛如把整片星空收进耳畔，甜美派对里轻轻一摇便满室生辉。,Multiple rows of gold zircons cascade like fine rain. Layered sparkle for special occasions.
997897842810,ED-S020,锆石飘带金球耳坠,Zircon Ribbon Gold Ball Drop Earrings,金色丝带卷出俏皮弧度，长方锆石嵌进缎带里温柔闪烁，下方细链坠着圆球与小钻，灵动复古像被风吹起的小欢喜。,"Curling gold ribbons set with rectangular zircons, finishing in a chain with bead and small zircon drops."
999067855791,ED-S021,烟花珍珠流苏耳坠,Firework Pearl Tassel Drop Earrings,银色烟花在耳畔绽开，长方与圆钻交错爆裂，中心珍珠像最暖的那颗心跳，下端坠着水滴小钻链，转身一秒点亮夜的浪漫。 [备注: 背景有英文字母印刷干扰],"Silver fireworks burst around a center pearl, with teardrop zircon chains below. Bright and dramatic."
999366653148,ED-S022,黑色花朵水滴耳坠,Black Floral Drop Earrings,墨色珐琅花瓣围出复古小花，珍珠安静躺在花心，下方水滴锆石摇曳生姿，甜酷气质拉满，是带点小叛逆的浪漫表达。,"Black enamel petals frame a center pearl, with a teardrop zircon swaying below. Bold-vintage palette."
999394164761,ED-S023,星芒双钻流苏耳坠,Star Pavé Tassel Drop Earrings,金色六芒星缀满细密碎钻，下方两条不对称细链各坠一颗圆形大锆石，长短交错灵动跳跃，派对夜里步步生光满满甜酷感。,"Gold six-point stars pavé-set with zircons, with two asymmetric chains ending in round zircons."
999398977308,ED-S024,锆石蝴蝶结珍珠耳坠,Zircon Bow Pearl Drop Earrings,银色蝴蝶结碎钻轻盈打结，下方饱满珍珠温润垂落，像把童年最爱的发带和奶白棒棒糖收在耳畔，甜美少女气息扑面而来。 [备注: 图中有绿叶和卡片道具],"Silver zircon bows tie playfully above a round pearl. Sweet, refined styling."
999515798970,ED-S025,锆石复古花形耳坠,Zircon Vintage Floral Drop Earrings,顶端单颗小钻轻吊一朵碎钻四叶花，中心圆钻闪着柔光，银色线条勾出复古小窗，戴上像风铃一样轻摇出温柔的下午时光。 [备注: 背景有英文印刷字],"A single small zircon drops a four-leaf zircon flower, framed by silver linework. Vintage-window detailing."
677382408779,EH-S001,金色豆荚珍珠耳环,Gold Pod Pearl Hoops,金色波浪线串起四颗温润珍珠与一颗心动圆钻，柔美灵动如清晨光斑，下午茶或闺蜜聚会都甜甜闪耀。,Wavy gold lines string four round pearls and a center round zircon. Light and graceful daily piece.
677432234511,EH-S002,金色闪耀方钻耳环,Gold Sparkle Square Crystal Hoops,金边小C环托起一排长方形锆石，整齐闪耀像一段温柔的星河，通勤戴上耳畔精致又有点甜酷。,Gold C-hoops set with a row of rectangular zircons. Clean linear sparkle for office or evening.
855411617664,EH-S003,三层锆石C形耳环,Three-Layer Zircon C-Hoops,三圈金色细弧层层叠绕，最里一圈密镶碎钻闪着温柔星光，C 形耳钩精致又轻盈，戴上像把整片晚霞别在耳畔。,Three concentric gold curves with the innermost ring densely set with zircons. Light and refined.
1000035241834,NK-S001,四叶草闪钻项链,Clover Crystal Necklace,金边四叶花瓣轻轻合拢，里面四颗水滴锆石闪着透亮微光，像把幸运握在颈间，下午茶时分心动满分。,"Gold-edged four-leaf petals close around four teardrop zircons. Soft, lucky symbolism for daily wear."
1000037141982,NK-S002,闪耀星形锆石项链,Sparkling Star Zircon Necklace,金色四角星缀满碎钻闪烁，中心一粒小钻像许愿星点亮夜空，戴上瞬间梦幻轻盈，是少女心里的小小银河。,"Four-point gold stars pavé-set with zircons, a single small zircon at the center. Light and dreamy."
1000044433371,NK-S003,闪耀玫瑰锆石项链,Sparkling Rose Zircon Necklace,金色玫瑰满钻盛开，花瓣层层叠叠藏着碎光，像把整束玫瑰收进颈间，浪漫复古，约会通勤都甜得发亮。,Layered gold rose petals densely set with zircons. Romantic and vintage with full sparkle.
1000761364372,NK-S004,珍珠天鹅锆石项链,Pearl Swan Zircon Necklace,金色天鹅曲颈含一颗珍珠，眼睛点缀小钻俏皮灵动，复古童话感扑面而来，戴上颈间像收藏一段甜美心事。,"A gold swan curves to hold a pearl, with a small zircon as its eye. Vintage fairytale charm."
1000823795816,NK-S005,抱钻泰迪熊项链,Teddy Bear Crystal Necklace,金色小熊挥着小手，胸前抱一颗心形锆石闪闪惹人爱，小巧俏皮又甜蜜，约会戴上像把童话挂在锁骨上。,"A gold bear waves and clutches a heart-shaped zircon. Compact, playful daily piece."
1000824403753,NK-S006,十字珍珠锆石项链,Cross Pearl Zircon Necklace,银色十字坠点缀碎钻与小珍珠，棱角分明又透着温柔光泽，复古酷感里藏着少女心，日常戴出街帅气加倍。,A silver cross pendant accented with delicate zircons and small pearls. Vintage-cool with subtle softness.
1000829871150,NK-S007,闪耀四叶草珍珠项链,Sparkling Clover Pearl Necklace,金色四叶花镶碎钻，下方珍珠圆润垂落，像清晨花瓣托着一颗露珠，温柔闪耀，是约会与下午茶的小小甜心。,"A gold four-leaf clover set with zircons, with a round pearl suspended below. Soft, refined sparkle."
1000830823181,NK-S008,经典单钻锁骨链,Classic Solitaire Choker,细金链轻轻垂下一颗六爪圆钻，光线一闪就晕开柔光，简约里藏着小小心动，约会通勤都温柔加分。,A fine gold chain holds a six-prong round zircon. Light catches it instantly — minimalist with quiet impact.
1001344840638,NK-S009,闪耀双蝶锆石项链,Sparkling Double Butterfly Necklace,金边花瓣轻轻包裹珍珠，碎钻沿着波浪花边闪闪发亮，复古又甜美，戴上耳畔像别住一朵刚开的小花。,"Gold-edged petals embrace a pearl, with zircons sparkling along the wavy border."
1001435774131,NK-S010,四叶草镶钻项链,Pavé Clover Necklace,银色四叶花瓣镶满碎钻，中心一颗透亮水晶柔柔闪光，干净轻盈像凝了露水的小花，日常戴上甜美又精致。,"Silver clover petals densely set with zircons, a clear crystal glowing softly at the center."
1001700604341,NK-S011,巴洛克珍珠金色项链,Baroque Pearl Gold Necklace,金色小盖托住一颗巴洛克珍珠，天然纹路像被海浪雕过，复古慵懒又温润，日常戴出街自带文艺小心机。,A gold cap holds a baroque pearl with natural wave-carved texture. Vintage-relaxed daily styling.
1002961600282,NK-S012,方钻小花珍珠项链,Square Crystal Floral Pearl Necklace,金色小花含一颗珍珠悄悄相伴，下方一颗方形锆石透亮闪光，简洁精致里藏着少女心，约会戴上甜得刚好。,A gold floral holds a pearl beside a clear square zircon. Refined and softly playful.
1017955811079,NK-S013,黑边贝壳四叶草项链,Black Edge Shell Clover Necklace,黑色珐琅勾勒四叶花瓣，中央贝母如月光柔白绽放，金银两条细链垂坠，复古优雅的小心思藏在锁骨之上。 [备注: 图中有金银两色共2件项链],Black enamel outlines a four-leaf clover with mother-of-pearl petals. Available in gold and silver chains.
1017968059337,NK-S014,可爱珍珠兔锆石项链,Cute Pearl Bunny Zircon Necklace,金银小兔耳畔轻探，怀抱粉色珍珠串成的小身体，碎钻蝴蝶结点缀其间，可爱里带着一点温柔甜软的复古童趣。 [备注: 图示为金色和银色两款],"Gold or silver bunny ears peek out, holding a body of strung pink pearls with zircon-bow accents."
1017977751606,NK-S015,猫咪星球锆石项链,Cat Planet Zircon Necklace,粉色珐琅 Kitty 漂浮在碎钻光环里，宛如粉色小星球被轻轻定格，金银两款都俏皮又梦幻，戴上是星河里的小欢喜。 [备注: 展示了两种不同金属色(金色/银色)的同一款项链。],Pink enamel Hello Kitty floats inside a halo of pavé zircons. Available in gold and silver — playful and dreamlike.
1018118479949,NK-S016,刺猬抱心锆石项链,Hedgehog Heart Zircon Necklace,金银满钻 Kitty 紧贴心形大水钻，闪着透亮糖果光，俏皮中藏着甜蜜告白感，约会下午茶都让人怦然心动。,Pavé Kitty pressed against a large heart-shaped crystal. Available in gold and silver — sweet sparkle.
1019456529862,NK-S017,四叶草水钻项链,Clover Crystal Necklace,晶莹四叶幸运花并肩垂落，一面贝母温润一面碎钻闪烁，下方大颗方钻像装着小小光河，温柔锁住每一次心动瞬间。,"Crystal-clear four-leaf petals hang side by side — one mother-of-pearl, one pavé zircon, with a large square zircon below."
1019491133506,NK-S018,经典珍珠四叶草项链,Classic Pearl Clover Necklace,贝母四叶幸运花轻含一颗圆润珍珠，金银双色细链垂落，简约纯净里藏着温柔小心思，日常通勤也戴出柔美光晕。 [备注: 展示金银两色款式],A mother-of-pearl four-leaf clover holds a single pearl. Available in gold and silver chains — refined daily piece.
1019684465556,NK-S019,卡通猫咪锆石项链,Cartoon Cat Zircon Necklace,金银双色满钻 Kitty 怀抱方形水钻，蝴蝶结点缀粉红俏皮神采，戴上像把童年回忆轻轻系在锁骨，甜得让人融化。 [备注: 显示金/银两种颜色版本],Pavé Kitty holds a square crystal with a pink bow accent. Available in gold and silver.
1020268284320,NK-S020,幸运马蹄闪钻项链,Lucky Horseshoe Crystal Necklace,金银双色月牙托起一颗灵动水钻，碎钻沿弧线轻洒星屑光，仿佛把夜晚的小温柔挂在锁骨，简约里藏着浪漫心动。 [备注: 展示两种金属色泽款式],"A crescent in gold or silver holds a single crystal, with zircons scattered along the curve. Compact and refined."
1035252853542,NK-S021,可爱Kitty闪钻项链,Cute Kitty Crystal Necklace,金银满钻 Kitty 头像怀里抱着圆润金属球串，蝴蝶结点缀粉色温柔，俏皮又精致，给日常穿搭加点甜美少女滤镜。 [备注: 图示两种颜色版本:金色和银色。],"Pavé Kitty holds a string of round metal beads, accented with pink bows. Available in gold and silver."
1036087660957,NK-S022,珍珠锆石优雅项链,Pearl Zircon Elegant Necklace,贝母四叶花瓣轻托圆润珍珠垂坠，金银双色都温润如月光，简约里藏着柔美小心思，约会通勤都被温柔光晕环绕。 [备注: 图中显示金银两色款式],A mother-of-pearl four-leaf flower holds a pearl drop. Available in gold and silver chains.
1036098128255,NK-S023,猫咪珍珠吊坠项链,Cat Pearl Pendant Necklace,金银满钻 Kitty 紧贴方形水钻闪着糖果光，粉色蝴蝶结俏皮加持，下午茶闺蜜聚会戴上一秒切换甜软少女氛围感。,"Pavé Kitty pressed against a square crystal, accented with a pink bow. Sweet, playful daily piece."
1039940063372,NK-S024,金银色珍珠锆石项链,Gold-Silver Pearl Zircon Necklace,水滴形碎钻花边轻轻拥抱一颗温润珍珠，金银双色都柔美如晨露，戴上锁骨瞬间晕开优雅复古的小欢喜。 [备注: 此图展示了两种颜色款式],"Teardrop zircon petals embrace a round pearl. Available in gold and silver — soft, dewy elegance."
1040276387295,NK-S025,珍珠贝壳闪石项链,Pearl Shell Crystal Necklace,金银碎钻花瓣环绕圆润珍珠绽放，方钻点缀像花蕊里的小阳光，复古花园感的温柔，约会下午茶都甜得刚刚好。 [备注: 图示有金、银两色款式可供选择],"Zircon petals frame a round pearl, with a square zircon at the heart. Available in gold and silver."
1040992350761,NK-S026,珍珠蝴蝶结镶钻项链,Pearl Bow Crystal Necklace,金银碎钻蝴蝶结轻轻栖在椭圆珍珠之上，复古浪漫像一段未拆的小信笺，温润珠光衬着柔美心动，简约也优雅。 [备注: 展示了金色和银色两种款式],Zircon bow set above an oval pearl. Available in gold and silver — vintage-romantic styling.
1041613773477,NK-S027,珍珠花朵锆石项链,Pearl Floral Zircon Necklace,金银碎钻花边围出柔软小花，圆润珍珠藏在花蕊轻轻闪光，复古浪漫又精致，戴上锁骨像簪了一朵秘密小心愿。 [备注: 展示了两种颜色版本],Zircon petals form a soft flower with a pearl at the center. Available in gold and silver.
1041941893855,NK-S028,镂空花珍珠项链,Openwork Floral Pearl Necklace,金银镂空花瓣层叠盛开，中央圆润珍珠如花蕊温润绽放，复古工艺感满满的小浪漫，戴上瞬间气质柔美又轻盈。 [备注: 图示为金银两色可选],Layered openwork petals open around a center pearl. Available in gold and silver — refined craftsmanship.
1041955789312,NK-S029,蝴蝶结珍珠项链,Bow Pearl Necklace,金银碎钻丝带在珍珠身后舒展飘逸，仿佛风把丝带吹成了一段温柔诗，浪漫复古中带点轻盈灵动，气质瞬间柔美。 [备注: 图中展示项链为金色和银色两款],Zircon ribbons trail behind a center pearl. Available in gold and silver — vintage-romantic motif.
1042472968421,NK-S030,镶钻珍珠四叶草项链,Pavé Pearl Clover Necklace,金银碎钻蝴蝶结依偎圆润珍珠绽放，光泽细密如撒了糖霜，复古浪漫又少女，戴上像把一段甜甜心事别在锁骨。 [备注: 产品有镀金和镀银两种颜色可选],Zircon bows nestle against a round pearl. Available in gold and silver — finely set with frosted-sugar sparkle.
831091263268,NK-S031,蝴蝶结珍珠项链,Bow Pearl Necklace,金色葫芦小框拥住饱满珍珠，俏皮蝴蝶结碎钻轻俏点缀，灵动甜美像挂了一颗温润小心愿，下午茶心动满满。 [备注: 图中为同款金银两色对照],"A gold gourd-shaped frame holds a pearl, with a playful zircon-set bow accent. Available in gold and silver."
831283506098,NK-S032,贝母双圆牌项链,Mother-of-Pearl Double Disc Necklace,白珐琅小圆嵌一颗碎钻，旁边碎钻小盘紧紧依偎，双吊坠摇晃间像两颗甜甜的小心事，日常戴着精致灵动。 [备注: 图中为同款金银两色对照],"A white enamel disc with a single zircon, paired with a pavé zircon disc. Available in gold and silver — double-pendant design."
831283682467,NK-S033,珍珠樱桃项链,Pearl Cherry Necklace,两颗温润珍珠像并蒂樱桃，碎钻小叶轻轻探出，俏皮甜美如初夏小欢喜，闺蜜聚会戴着甜甜心动满满。 [备注: 图中为同款金银两色对照],"Two round pearls paired like cherries with zircon-set leaves. Available in gold and silver — playful, sweet styling."
831400403609,NK-S034,蝴蝶结珍珠项链,Bow Pearl Necklace,"碎钻蝴蝶结轻拥一颗珍珠，垂下一段闪亮小尾巴，柔美灵动如把心动悄悄系在锁骨，约会通勤都甜甜温柔。 [备注: 主图为模特白衬衫佩戴,产品较小,建议参考备用产品图]","A zircon bow holds a single pearl, with a small sparkling tail trailing below. Soft, refined movement."
831402931031,NK-S035,贝母扇形项链,Mother-of-Pearl Fan Necklace,"白贝母小裙摆扇形舒展，碎钻沿边轻轻闪烁，复古优雅像挂了一段温润月光，下午茶或通勤都精致心动。 [备注: 背景有麻布和书页道具,产品清晰]",A white mother-of-pearl fan with zircon-set edges. Vintage elegance with quiet luster.
831492217865,NK-S036,锆石小蝴蝶结项链,Zircon Mini Bow Necklace,迷你蝴蝶结由水滴钻交错而成，垂在锁骨上轻盈闪烁，俏皮又少女，甜甜约会或日常通勤都心动满满。 [备注: 图中为同款金银两色对照],A mini bow built from teardrop zircons hangs lightly at the collarbone. Available in gold and silver.
831514217321,NK-S037,锆石四叶花项链,Zircon Four-Leaf Floral Necklace,四瓣碎钻小花轻悬胸前，叶尖闪着柔光像沾了晨露，金银双色都精致灵动，日常优雅之中藏着甜甜少女心。 [备注: 图中为同款金银两色对照],Four zircon petals open into a small floral pendant. Available in gold and silver — refined daily piece.
831649564901,NK-S038,锆石小猫咪项链,Zircon Cat Necklace,小猫吊坠抱着圆钻头与碎钻身，俏皮灵动像把萌宠藏在锁骨，金银双款都甜美，日常戴上心情都柔软起来。 [备注: 图中为同款金银两色对照],A cat pendant with a round zircon head and pavé zircon body. Available in gold and silver.
831656792774,NK-S039,锆石花结锁骨项链,Zircon Floral Knot Choker,细金线缠绕成旋转小花，中央一颗圆钻心动闪烁，柔美轻盈像挂了一朵会发光的心愿，日常优雅又精致。 [备注: 图中为同款金银两色，共两条项链],Fine gold lines twist into a rotating flower with a single round zircon at the center. Available in gold and silver.
831986164917,NK-S040,猫眼石小兔项链,Cat's-Eye Bunny Necklace,圆润猫眼石身披碎钻小耳朵，化作一只乖巧兔子悄悄垂落锁骨间，金银双色任你切换心情，温柔又俏皮的少女心瞬间被点亮。 [备注: 图中为同款金银两色，共两条项链],A cat's-eye stone shaped into a bunny silhouette with zircon-set ears. Available in gold and silver.
917607425372,NK-S041,星月镶钻锁骨项链,Star Moon Crystal Choker,金银双色月牙轻轻揽住一颗小星星，碎钻沿着弧线点亮夜空，像把童话里的晚安藏进锁骨，温柔得让人想拍下来。 [备注: 图中两条为银色与金色双色款],"A gold or silver crescent embraces a single star, with zircons scattered along the curve."
921453206676,NK-S042,隐形鱼线锆石项链,Invisible Line Crystal Necklace,一颗圆钻仿佛悬浮在空气里，透明鱼线让它直接贴在锁骨闪闪发光，简约梦幻像把小星星藏进皮肤，少女感满分。 [备注: 参考帧改为 05.jpg: diamond pendant on white | 上身模特图，产品很小且鱼线几乎不可见，建议用其他张做白底参考],"A round zircon appears to float on the collarbone, suspended on near-invisible monofilament."
921468190529,NK-S043,双心相扣锁骨项链,Double Heart Linked Choker,金色双心相扣交叠出温柔轮廓，外圈细钻沿心形流转闪着柔光，戴上像把心动悄悄锁住，约会日常都浪漫加分。 [备注: 参考帧改为 05.jpg: gold heart necklace on white | 拼图含模特图与品牌字样，建议截右侧产品细节图作参考],"Two interlinked gold hearts outlined with fine zircons. Soft, romantic styling for daily wear."
994549448935,NK-S044,锆石蝴蝶Y型项链,Zircon Butterfly Y-Necklace,蝴蝶轻盈停在锁骨之间，圆形锆石与碎钻翅膀相依，末端Y形垂坠悄悄晃动，戴上瞬间像被一颗温柔星光吻过般心动。 [备注: 图中2条实际为1款两色(金+银)；右下角有水印TSX-3524-32],"A butterfly with zircon body and pavé wings, finished with a Y-shaped chain drop. Available in gold and silver."
998237214293,NK-S045,雪花锆石短款项链,Snowflake Zircon Choker,雪花形吊坠由长方与圆形锆石交织绽放，银色细链托着这片小冰晶，戴上像把冬日午后的第一场雪藏进锁骨，轻盈又梦幻。,"A snowflake formed from rectangular and round zircons, on a fine silver chain. Light and crystalline."
998237494925,NK-S046,椭圆锆石光环项链,Oval Zircon Halo Necklace,椭圆主钻被柔软花瓣形碎钻轻轻环抱，金色镂空底座透出复古蕾丝感，落在锁骨像一朵温润绽放的小花，约会时格外柔美。,"An oval center zircon embraced by petal-shaped zircons, set in an openwork gold base. Vintage lace styling."
998256418247,NK-S047,四叶花锆石项链,Four-Leaf Zircon Flower Necklace,金色四叶花瓣围着中心方钻轻转，外圈碎钻一颗颗描出光晕，像把四叶幸运草小心收进吊坠，日常戴着仿佛被甜甜祝福环绕。,"Gold four-leaf petals turn around a center square zircon, with a halo of zircons outlining the perimeter."
998923901590,NK-S048,双环锆石小吊坠项链,Double Ring Zircon Pendant Necklace,金色双圈轻轻交叠，外环碎钻细细排开，中心一颗圆钻安静悬停其中，像把小宇宙系在锁骨，日常戴出一种安心的温柔感。,Two interlocking gold rings with zircons set on the outer ring and a single round zircon suspended at the center.
999224367374,NK-S049,心形珍珠Y字项链,Heart Pearl Y-Necklace,中段悬一颗水滴锆石与镂空爱心相依，链尾轻坠一粒珍珠Y形垂落胸前，俏皮又柔美，是写满小心动的约会日记式项链。,"A teardrop zircon and openwork heart join above a single pearl in a Y-shape. Soft, romantic flow."
999239703034,NK-S050,锆石蝴蝶Y字项链,Zircon Butterfly Y-Necklace,三瓣水滴锆石组成一朵小风车花，下端Y形细链坠着小钻轻轻摇晃，温柔流动感像把午后的风别在锁骨，清甜灵动。,"Three teardrop zircons form a small pinwheel flower, with a Y-chain ending in a single zircon."
999256410588,NK-S051,金色月亮狐狸项链,Gold Moon Fox Necklace,白贝母弯月里两只金色小狐狸相互依偎，碎钻点亮尾尖，温柔童话感扑面而来，戴上像揣着一个甜甜的睡前晚安故事。,"A mother-of-pearl crescent holds two gold foxes leaning against each other, with zircons accenting their tails."
999642328861,NK-S052,锆石蝴蝶星芒项链,Zircon Butterfly Star Necklace,水滴锆石拼出轻盈小蝴蝶停于胸前，下方Y形细链坠一颗八角小星，蝴蝶与星光相互呼应，约会时步步都闪着甜甜小确幸。,"Teardrop zircon butterfly above a Y-chain ending in a small eight-point star. Light, refined movement."
999653288529,NK-S053,锆石球形吊坠项链,Zircon Sphere Pendant Necklace,中央圆钻被一圈大颗碎钻簇拥成小绣球，银色细链温柔托着这枚闪光小球，戴上像把整束烟花封进锁骨，瞬间心动满格。 [备注: 背景有白色花瓣道具],A center round zircon surrounded by larger zircons forming a sphere. Set on a fine silver chain.
999752136011,NK-S054,金色横排锆石项链,Gold Horizontal Bar Zircon Necklace,金色长条镶满方钻像小光带横悬胸前，下方一颗心形锆石俏皮垂坠，几何与少女心碰撞出甜酷感，通勤戴出干净又心动的味道。,A gold bar set with rectangular zircons sits horizontally above a small heart zircon drop. Geometric daily piece.
999770988883,NK-S055,金色葫芦珍珠项链,Gold Gourd Pearl Necklace,金色镂空小葫芦中央嵌一颗温润珍珠，福气感与少女心一起被收纳进吊坠，戴上像随身带着温柔小护身符，日常甜糯又安心。,An openwork gold gourd holds a single pearl at its center. Auspicious symbolism with refined daily presence.
677518470100,BC-S001,金色蝴蝶镶钻胸针,Gold Butterfly Crystal Brooch,金色蝴蝶振翅而立，长方钻拼成透光翅脉，细碎锆石环身，恰似午后小欢喜，约会出街都心动轻盈。,"A gold butterfly mid-flight, with rectangular zircons forming translucent wings and pavé zircons along the body."
677909554886,BC-S002,金色麦穗珍珠锆石胸针,Gold Wheat Pearl Zircon Brooch,金色麦叶聚拢满满水滴钻，垂下一颗温润珍珠与水滴钻苞，柔美复古的小欢喜，西装领口戴着甜甜优雅。,"Gold wheat leaves clustered with teardrop zircons, finishing with a pearl and zircon bud. Soft vintage form."
678425623740,BC-S003,闪钻立体蝴蝶胸针,Sparkling 3D Butterfly Brooch,金色蝴蝶轻盈停驻，长方钻铺成透亮翅羽，细钻沿身闪烁，仿佛把春日午后装进胸前，温柔又灵动。,"Gold butterfly with rectangular zircons forming the wings, fine zircons along the body. Lightweight three-dimensional shape."
776258803998,BC-S004,圣诞树珍珠鹿胸针,Christmas Tree Pearl Deer Brooch,"迷你圣诞树挂着红绿宝石小球，珍珠串旁缀着碎钻小鹿与垂链，俏皮浪漫像把节日童话别上衣领，甜甜温暖。 [备注: 图示为两款不同金属色(银色/金色),设计相似]","A mini Christmas tree with red and green ornaments, paired with a pearl strand and zircon-set deer drop. Available in gold and silver."
776268288091,BC-S005,珍珠宝石花束胸针,Pearl Stone Bouquet Brooch,"一束小花胸针，珍珠花苞依偎着翠绿宝叶与白钻簇花，柔美又复古，像把春日清晨装进胸前，灵动又精致。 [备注: 图中有金银两款,设计相同。]",A floral spray brooch — pearl buds nestled with green stone leaves and zircon clusters. Available in gold and silver.
776279312899,BC-S006,闪耀四叶草锆石胸针,Sparkling Clover Zircon Brooch,"四瓣镂空小花绽放，水滴钻花瓣晶亮通透，中央圆钻俏皮闪烁，柔美灵动像捧着一朵心动雪花，甜甜优雅。 [备注: 图示为金银双色款式,此处材质描述以金色款为例。]","Four openwork petals with teardrop zircons and a center round zircon. Light, refined flora form. Available in gold and silver."
776297530853,BC-S007,萌宠熊猫竹叶胸针,Panda Bamboo Brooch,圆滚滚熊猫卡进光圈里，黑钻当眼睛萌得心动，水滴钻拼成竹叶垂坠，俏皮可爱像把童趣别在衣领。 [备注: 图中有两种颜色可选：金色和银色。],"A round panda framed in a halo, with black zircon eyes and teardrop zircon bamboo leaves below. Available in gold and silver."
776303548335,BC-S008,雪花长针领针,Snowflake Long Pin Brooch,细长针尖顶着一朵碎钻雪花，金色与银色双款轻盈闪烁，复古又精致，西装领口别上瞬间气质温柔灵动。 [备注: 图中为同款金银两色对照],A long pin tipped with a zircon snowflake. Available in gold and silver — refined lapel detail.
776311298113,BC-S009,锆石蜻蜓胸针,Zircon Dragonfly Brooch,蜻蜓振翅停驻，金线勾出透亮翅脉，水滴钻当腹身闪烁，柔美灵动像把夏日午后的微风别在胸前，甜甜心动。 [备注: 图中为同款金银两色对照],Outlined dragonfly with translucent gold-line wings and teardrop zircon body. Available in gold and silver.
776311298981,BC-S010,珍珠太阳花胸针,Pearl Sunflower Brooch,锆石光芒呈八角绽放，中央温润珍珠像一轮小太阳，俏皮又复古，胸前别上瞬间气质轻盈又满满少女心。 [备注: 图中为同款金银两色对照],Eight zircon rays burst around a center pearl. Available in gold and silver — luminous sun motif.
776320485047,BC-S011,彩绘蜻蜓珍珠胸针,Painted Dragonfly Pearl Brooch,"彩釉蜻蜓在西装领口振翅，渐变翅膀如梦幻晚霞，旁边水钻蝴蝶与粉花俏皮陪衬，浪漫复古通勤都心动。 [备注: 主图为模特黑西装佩戴,建议参考右侧小图或备用图]","Enamel dragonfly with gradient wings, accompanied by a crystal butterfly and pink floral accents. Romantic vintage palette."
777198632447,BC-S012,镂空花朵锆石胸针,Openwork Floral Zircon Brooch,"金色花瓣以细密栏栅勾勒绽放，中央簇拥一团圆钻花蕊，柔美轻盈像别上一朵会发光的花，温柔又心动。 [备注: 背景有粉色云雾品牌字样,产品本身清晰]","Gold petals outlined in fine grilles, surrounding a center cluster of round zircons. Light and luminous."
796964298199,BC-S013,镂空花朵珍珠胸针,Openwork Floral Pearl Brooch,镂空花瓣层层舒展，温润珍珠藏在花心，金色与银色双款闪着柔光，复古浪漫像把午后花园别在胸前。 [备注: 图中为同款金银两色对照],Layered openwork petals embracing a center pearl. Available in gold and silver — vintage garden styling.
819265883325,BC-S014,雪花锆石胸针,Snowflake Zircon Brooch,"长方钻拼出立体雪花，中央圆钻轻闪如冬日心动小光点，复古优雅别在西装上，瞬间气质温柔又精致。 [备注: 主图为模特黑西装佩戴,建议参考右侧小图]",Rectangular zircons form a three-dimensional snowflake with a center round zircon. Refined and lightweight.
819493526446,BC-S015,葫芦珍珠排钻胸针,Gourd Pearl Row Crystal Brooch,"金色弧线托起四颗圆润珍珠与一颗心动圆钻，柔美横陈像别上一串温柔月光，西装领口戴着甜甜优雅。 [备注: 主图为模特黑西装佩戴,建议参考备用图]",A gold curve holds four round pearls and a single round zircon. Horizontal silhouette with soft pearl glow.
819589873926,BC-S016,流苏珍珠胸针,Tassel Pearl Brooch,"金线流苏裹着一颗大珍珠柔柔垂落，碎钻点点闪烁如星屑，复古又轻盈，约会派对戴上瞬间气质温润灵动。 [备注: 主图为模特黑西装佩戴,建议参考备用图]","Gold tassels embrace a large pearl, with delicate zircons scattered like stardust. Light, vintage motion."
853717492835,BC-S017,锆石珍珠四叶花胸针,Zircon Pearl Clover Brooch,金色枝叶托满闪耀马眼钻，中心一颗珍珠静静栖息，像一朵被星光镀过的花轻轻绽放，胸前一别瞬间复古又优雅。 [备注: 实物在浅色礼盒边角，背景偏暗],Gold branches set with marquise zircons hold a single pearl at the center. Vintage starlit flora form.
953828976947,ST-S001,贝母椭圆耳环项链套装,Mother-of-Pearl Oval Earring & Necklace Set,金色小圈衔起一颗椭圆贝母吊坠，温润奶白光泽轻轻晃动，搭配同色细链一同戴上，复古优雅里藏着甜甜的小心动。 [备注: 参考帧改为 05.jpg: silver teardrop earrings on white | 上身模特图，产品较小，建议用平铺图作参考],Gold loops hold oval mother-of-pearl pendants. Earrings paired with a matching fine chain — coordinated soft-luster set.